City_ID,City,Lat,Lng,Max Temp,Humidity,Cloudiness,Wind Speed,Country,Date
0,invercargill,-46.4,168.35,284.59,77,6,2.68,NZ,1698648374
1,quelimane,-17.8786,36.8883,301.12,74,75,11.83,MZ,1698648375
2,port-aux-francais,-49.35,70.2167,275.16,62,86,14.51,TF,1698648375
3,adamstown,-25.066,-130.1015,295.84,83,100,4.23,PN,1698648375
4,wagga wagga,-35.1167,147.3667,296.7,29,100,9.16,AU,1698648375
5,jamestown,42.097,-79.2353,281.49,100,100,0.45,US,1698648092
6,birjand,32.8663,59.2211,298.41,19,0,2.06,IR,1698648376
7,ust-nera,64.5667,143.2,258.1,97,100,0.51,RU,1698648315
8,cabo san lucas,22.8909,-109.9124,298.43,76,0,0.89,MX,1698648364
9,sabang,5.8933,95.3214,300.69,76,70,3.18,ID,1698648377
10,papatowai,-46.5619,169.4708,284.43,83,6,4.29,NZ,1698648377
11,vorgashor,67.5833,63.95,256.51,95,43,2.13,RU,1698648377
12,mossendjo,-2.9506,12.7261,297.48,89,91,1.76,CG,1698648378
13,arvayheer,46.2639,102.775,281.23,34,94,4.58,MN,1698648378
14,zalesovo,53.9939,84.7431,273.2,56,100,2.96,RU,1698648378
15,tadine,-21.55,167.8833,293.55,64,5,5.03,NC,1698648379
16,hawaiian paradise park,19.5933,-154.9731,296.98,94,75,2.06,US,1698648315
17,auburn,47.3073,-122.2284,280.57,85,0,4.12,US,1698648379
18,blackmans bay,-43.0167,147.3167,289.22,46,100,4.73,AU,1698648330
19,tiassale,5.8983,-4.8283,297.3,96,9,0.42,CI,1698648379
20,remire-montjoly,4.9167,-52.2667,297.17,100,0,0.0,GF,1698648360
21,waitangi,-43.9535,-176.5597,284.16,83,95,0.45,NZ,1698648380
22,metlili chaamba,32.2667,3.6333,294.67,23,0,1.54,DZ,1698648380
23,tiksi,71.6872,128.8694,254.53,99,96,3.22,RU,1698648380
24,charters towers,-20.1,146.2667,303.97,25,100,7.17,AU,1698648381
25,hammerfest,70.6634,23.6821,270.4,86,40,1.03,NO,1698648381
26,port alfred,-33.5906,26.891,288.81,68,100,1.79,ZA,1698648357
27,keflavik,64.0049,-22.5624,277.39,75,0,3.6,IS,1698648381
28,kitimat,54.0524,-128.6534,271.36,73,81,0.68,CA,1698648381
29,whitehorse,60.7161,-135.0538,272.6,86,100,4.63,CA,1698648382
30,fale old settlement,-9.3852,-171.2468,301.99,75,29,7.14,TK,1698648382
31,lebu,-37.6167,-73.65,280.81,62,95,2.17,CL,1698648382
32,chonchi,-42.6128,-73.8092,277.71,97,88,1.6,CL,1698648325
33,olonkinbyen,70.9221,-8.7187,273.46,74,100,3.86,SJ,1698648383
34,uturoa,-16.7333,-151.4333,299.43,79,0,7.79,PF,1698648383
35,hrubieszow,50.805,23.8925,285.92,80,100,4.48,PL,1698648383
36,bredasdorp,-34.5322,20.0403,289.38,46,0,9.52,ZA,1698648368
37,la sarre,48.8002,-79.1996,271.47,73,100,1.27,CA,1698648332
38,grytviken,-54.2811,-36.5092,276.83,96,100,3.33,GS,1698648383
39,sechura,-5.5569,-80.8222,293.24,80,100,5.68,PE,1698648384
40,selfoss,63.9331,-20.9971,274.29,74,60,3.3,IS,1698648315
41,sisimiut,66.9395,-53.6735,271.74,71,99,4.86,GL,1698648358
42,saipan,15.1355,145.701,304.54,74,40,5.66,MP,1698648384
43,tosontsengel,48.7567,98.2839,273.87,68,86,3.78,MN,1698648385
44,naze,28.3667,129.4833,295.66,73,54,5.07,JP,1698648100
45,bethel,41.3712,-73.414,283.35,89,100,1.54,US,1698648385
46,potam,27.6,-110.3833,296.09,60,0,3.93,MX,1698648385
47,bilibino,68.0546,166.4372,249.1,86,11,2.22,RU,1698648386
48,iqaluit,63.7506,-68.5145,264.0,73,75,6.17,CA,1698648386
49,thinadhoo,0.5333,72.9333,300.67,74,97,5.91,MV,1698648328
50,punta arenas,-53.15,-70.9167,275.21,51,0,8.23,CL,1698648214
51,mizdah,31.4451,12.9801,293.37,49,1,2.32,LY,1698648387
52,happy valley-goose bay,53.3168,-60.3315,270.32,50,0,9.77,CA,1698648310
53,tabou,4.423,-7.3528,299.25,82,4,1.84,CI,1698648387
54,ola,59.5833,151.2833,269.9,62,4,1.08,RU,1698648388
55,tofol,5.3248,163.0078,302.03,84,75,1.03,FM,1698648388
56,ponta delgada,37.7333,-25.6667,287.55,82,20,1.03,PT,1698648388
57,bosaso,11.2842,49.1816,299.14,89,0,6.17,SO,1698648388
58,dudinka,69.4058,86.1778,256.3,97,86,0.89,RU,1698648389
59,rio gallegos,-51.6226,-69.2181,275.18,75,20,5.66,AR,1698648389
60,taoudenni,22.6783,-3.9836,301.67,13,22,2.7,ML,1698648389
61,port douglas,-16.4833,145.4667,297.62,67,12,6.15,AU,1698648390
62,sitka,57.0531,-135.33,279.09,75,0,2.06,US,1698648390
63,hamilton,39.1834,-84.5333,283.56,96,100,2.24,US,1698648390
64,enewetak,11.3474,162.3373,302.2,73,74,8.84,MH,1698648390
65,ribeira grande,38.5167,-28.7,290.6,64,100,0.28,PT,1698648353
66,ushuaia,-54.8,-68.3,272.96,74,75,5.66,AR,1698648391
67,denison,33.7557,-96.5367,277.16,93,100,7.72,US,1698648391
68,kourou,5.1552,-52.6478,297.18,91,90,2.56,GF,1698648391
69,badger,64.8,-147.5333,270.08,90,100,1.54,US,1698648392
70,aasiaat,68.7098,-52.8699,268.09,89,100,4.52,GL,1698648316
71,tibiri,13.5627,7.0485,294.34,40,0,4.12,NE,1698648393
72,georgetown,5.4112,100.3354,305.12,70,20,3.09,MY,1698647964
73,port lincoln,-34.7333,135.8667,288.67,56,5,9.28,AU,1698648393
74,avarua,-21.2078,-159.775,295.18,73,40,3.09,CK,1698648394
75,el hadjira,32.6134,5.5126,297.48,21,12,4.12,DZ,1698648394
76,shenjiamen,29.9576,122.298,295.06,63,32,3.96,CN,1698648394
77,klyuchi,52.2667,79.1667,275.86,98,100,3.8,RU,1698648395
78,beloyarskiy,63.7119,66.6722,264.48,83,66,2.33,RU,1698648395
79,pangai,-19.8,-174.35,299.21,83,75,7.2,TO,1698648395
80,douglas,41.3,-96.167,272.64,66,0,5.14,US,1698648392
81,gadzhiyevo,69.2551,33.3362,266.91,90,100,4.81,RU,1698648396
82,callao,-12.0667,-77.15,293.55,82,75,5.66,PE,1698648296
83,brejo da madre de deus,-8.1458,-36.3711,290.54,93,20,2.88,BR,1698648396
84,san marcos,33.1434,-117.1661,291.44,19,0,1.54,US,1698648362
85,haiku-pauwela,20.9219,-156.3051,297.62,77,20,5.14,US,1698648392
86,boden,65.8252,21.6886,266.15,91,36,1.6,SE,1698648366
87,hermanus,-34.4187,19.2345,288.8,52,0,9.29,ZA,1698648397
88,angaur state,6.906,134.13,301.78,74,15,4.51,PW,1698648397
89,villa dolores,-31.9459,-65.1896,294.64,65,5,6.42,AR,1698648398
90,zhob,31.3411,69.4481,297.22,20,0,0.81,PK,1698648398
91,talnakh,69.4865,88.3972,256.04,93,94,2.23,RU,1698648398
92,kolonia,50.9333,6.95,286.25,84,20,4.12,DE,1698648308
93,longyearbyen,78.2186,15.6401,268.06,86,40,6.17,SJ,1698648399
94,hithadhoo,-0.6,73.0833,300.44,78,32,6.16,MV,1698648399
95,beau vallon,-20.4189,57.6953,301.6,65,40,5.14,MU,1698648399
96,nallihan,40.1859,31.3518,292.8,57,98,1.31,TR,1698648400
97,santa terezinha,-29.9002,-50.0904,292.74,92,5,1.32,BR,1698648400
98,albany,42.6001,-73.9662,280.58,93,100,1.34,US,1698648279
99,east london,-33.0153,27.9116,288.2,58,100,4.64,ZA,1698648308
100,port elizabeth,-33.918,25.5701,289.99,65,75,5.14,ZA,1698648349
101,tokmak,47.2514,35.7058,288.15,53,100,4.13,UA,1698648401
102,puerto natales,-51.7236,-72.4875,274.27,96,100,1.12,CL,1698648401
103,lihue,21.9789,-159.3672,297.92,81,100,4.12,US,1698648401
104,siniscola,40.5719,9.6922,287.9,91,96,4.7,IT,1698648402
105,sittwe,20.15,92.9,302.33,69,31,2.5,MM,1698648402
106,abalak,58.1286,68.5944,268.9,70,96,5.35,RU,1698648402
107,barsukovskaya,44.7632,41.8191,291.23,53,0,1.99,RU,1698648403
108,puerto ayora,-0.7393,-90.3518,296.79,92,89,1.79,EC,1698648403
109,college,64.8569,-147.8028,270.12,87,100,1.54,US,1698648403
110,todos santos,23.45,-110.2167,294.99,84,0,2.49,MX,1698648403
111,ekuvukeni,-28.4675,30.1551,282.98,49,67,3.67,ZA,1698648404
112,thompson,55.7435,-97.8558,267.24,79,75,4.12,CA,1698648179
113,zalingei,12.9096,23.4741,302.96,17,14,5.12,SD,1698648404
114,manado,1.487,124.8455,304.58,58,40,2.57,ID,1698648310
115,petropavlovsk-kamchatsky,53.0452,158.6483,276.18,59,40,2.0,RU,1698648404
116,atafu village,-8.5421,-172.5159,302.33,69,14,6.7,TK,1698648402
117,sao joao da barra,-21.6403,-41.0511,295.77,96,100,0.96,BR,1698648405
118,egilsstadir,65.2653,-14.3948,271.1,93,20,2.06,IS,1698648405
119,roma,43.2128,-75.4557,281.53,93,100,5.14,US,1698648405
120,pa sang,18.5262,98.9394,305.4,51,71,1.25,TH,1698648405
121,freetown,8.484,-13.2299,299.99,89,40,1.54,SL,1698648406
122,bei'an,24.5399,109.533,299.87,53,100,3.34,CN,1698648406
123,ilulissat,69.2167,-51.1,276.16,56,100,7.2,GL,1698648406
124,kodiak,57.79,-152.4072,280.88,100,100,4.12,US,1698648401
125,kapuskasing,49.4169,-82.4331,271.15,86,100,1.03,CA,1698648407
126,mount isa,-20.7333,139.5,308.02,28,40,4.63,AU,1698648407
127,glace bay,46.1969,-59.957,278.03,83,75,3.09,CA,1698648369
128,greymouth,-42.4667,171.2,284.06,74,100,2.19,NZ,1698648407
129,kanye,-24.9667,25.3327,284.05,75,100,10.53,BW,1698648407
130,nova sintra,14.8667,-24.7167,296.53,64,100,2.43,CV,1698648407
131,constantia,44.1833,28.65,291.53,61,0,3.33,RO,1698648408
132,san patricio,28.017,-97.5169,287.5,66,77,9.3,US,1698648408
133,tura,25.5198,90.2201,301.41,55,2,1.36,IN,1698648408
134,edinburgh of the seven seas,-37.0676,-12.3116,284.34,66,100,13.27,SH,1698648408
135,santa sylvina,-27.8326,-61.1375,294.78,91,100,3.75,AR,1698648408
136,vernon,50.2581,-119.2691,273.31,67,8,2.57,CA,1698648409
137,digras,20.1167,77.7167,302.71,36,7,3.73,IN,1698648409
138,lompoc,34.6391,-120.4579,283.47,67,0,3.6,US,1698648409
139,udachny,66.4167,112.4,254.51,70,100,3.89,RU,1698648409
140,mareeba,-17.0,145.4333,301.73,48,18,4.61,AU,1698648409
141,boguchany,58.3814,97.4531,265.29,79,83,1.34,RU,1698648409
142,moose jaw,50.4001,-105.5344,267.29,79,22,7.2,CA,1698648410
143,vilyuysk,63.7553,121.6247,264.82,86,94,2.68,RU,1698648410
144,qarauyl,48.9451,79.255,286.37,72,99,12.1,KZ,1698648410
145,misratah,32.3754,15.0925,296.6,70,10,6.26,LY,1698648410
146,sola,-13.8833,167.55,298.52,94,100,0.0,VU,1698648410
147,nazca,-14.8333,-74.95,293.74,70,5,0.8,PE,1698648410
148,brush,40.2589,-103.6238,265.04,92,5,4.12,US,1698648411
149,holualoa,19.6228,-155.9522,298.06,74,0,4.12,US,1698648411
150,copala,16.65,-98.9833,298.26,89,8,1.28,MX,1698648411
151,wangjing,24.6,94.0333,300.14,53,67,0.37,IN,1698648411
152,cannonvale,-20.2833,148.7,297.81,55,30,5.19,AU,1698648411
153,fort mcmurray,56.7268,-111.381,268.88,80,100,3.6,CA,1698648340
154,luderitz,-26.6481,15.1594,295.14,39,0,1.7,NA,1698648412
155,sakaiminato,35.55,133.2333,293.11,55,20,4.63,JP,1698648412
156,kralendijk,12.15,-68.2667,300.14,89,100,2.06,BQ,1698648412
157,stanley,54.868,-1.6985,279.97,91,40,1.03,GB,1698648412
158,crane,31.3974,-102.3501,276.3,65,100,8.22,US,1698648412
159,acarau,-2.8856,-40.12,298.68,78,61,6.9,BR,1698648333
160,okhotsk,59.3833,143.3,269.28,75,23,1.11,RU,1698648413
161,namibe,-15.1961,12.1522,295.11,73,0,2.66,AO,1698648413
162,dwarka,22.2394,68.9678,304.41,39,5,4.7,IN,1698648413
163,kyren,51.6828,102.1408,272.56,46,93,0.45,RU,1698648413
164,nemuro,43.3236,145.575,282.85,64,0,1.83,JP,1698648413
165,qaqortoq,60.7167,-46.0333,277.57,73,100,7.73,GL,1698648414
166,ghat,24.9647,10.1728,298.68,20,0,1.73,LY,1698648414
167,chhabra,24.6667,76.8333,304.5,25,44,1.56,IN,1698648414
168,yellowknife,62.456,-114.3525,261.71,96,0,1.54,CA,1698648313
169,hanceville,34.0607,-86.7675,291.1,81,0,1.81,US,1698648305
170,vilyuchinsk,52.9306,158.4028,277.0,71,31,3.05,RU,1698648384
171,port mathurin,-19.6833,63.4167,298.23,77,3,6.46,MU,1698648415
172,margaret river,-33.95,115.0667,290.44,50,3,6.7,AU,1698648415
173,nadym,65.5333,72.5167,262.49,79,12,1.5,RU,1698648415
174,fort frances,48.5999,-93.4003,265.4,85,99,0.45,CA,1698648415
175,hami,42.8,93.45,290.6,25,99,2.33,CN,1698648415
176,moussoro,13.6408,16.4901,303.8,12,91,6.51,TD,1698648416
177,dalmau,26.0667,81.0333,304.18,30,10,1.18,IN,1698648416
178,nizhnesortymskiy,62.4397,71.7603,264.02,90,73,3.8,RU,1698648416
179,west island,-12.1568,96.8225,301.14,74,100,8.75,CC,1698648416
180,sidi salim,31.271,30.7867,300.4,59,32,5.28,EG,1698648416
181,banda aceh,5.5577,95.3222,302.03,72,97,2.09,ID,1698648417
182,etampes,48.4333,2.15,284.55,94,100,3.06,FR,1698648417
183,san andres,12.5847,-81.7006,298.16,100,20,1.03,CO,1698648417
184,afaahiti,-17.75,-149.2833,298.08,83,50,8.67,PF,1698648417
185,sitia,35.2,26.0986,294.81,78,99,2.51,GR,1698648417
186,saint-denis,48.9167,2.3333,285.1,93,75,2.06,FR,1698648418
187,iskateley,67.6803,53.1512,265.94,93,100,6.26,RU,1698648418
188,harper,4.375,-7.7169,299.03,83,3,1.68,LR,1698648399
189,sokoni,-6.4333,39.55,302.07,82,65,3.72,TZ,1698648418
190,ulan bator,47.9077,106.8832,272.22,86,40,1.0,MN,1698648418
191,cidreira,-30.1811,-50.2056,292.64,92,3,2.12,BR,1698648418
192,george town,5.4112,100.3354,305.12,70,20,3.6,MY,1698648301
193,kavalerovo,44.2661,135.0572,285.23,48,23,1.08,RU,1698648419
194,new norfolk,-42.7826,147.0587,289.87,60,100,4.01,AU,1698648419
195,utrik,11.2278,169.8474,301.27,83,100,9.51,MH,1698648419
196,taro,-8.3862,115.28,301.15,65,98,1.78,ID,1698648419
197,polyarnyy,69.1989,33.4478,267.22,90,100,4.71,RU,1698648419
198,valdovino,43.6094,-8.1115,284.43,85,64,8.47,ES,1698648420
199,wailua homesteads,22.0669,-159.378,297.59,89,100,4.12,US,1698648420
200,flying fish cove,-10.4217,105.6791,301.97,74,75,4.63,CX,1698648420
201,waihee-waiehu,20.9249,-156.5076,298.32,81,20,5.14,US,1698648420
202,nizao,18.25,-70.2,302.3,83,71,1.3,DO,1698648420
203,kingston,17.997,-76.7936,300.68,89,20,2.06,JM,1698648222
204,susuman,62.7833,148.1667,259.81,92,61,0.89,RU,1698648421
205,vorkuta,67.5,64.0,256.03,97,41,1.65,RU,1698648350
206,carnarvon,-24.8667,113.6333,297.04,59,0,10.32,AU,1698648421
207,nuku'alofa,-21.1333,-175.2,297.34,94,20,6.17,TO,1698648421
208,whakatane,-37.9585,176.9854,290.25,95,100,1.34,NZ,1698648421
209,oamaru,-45.0784,170.9801,286.69,75,61,5.85,NZ,1698648421
210,suphan buri,14.4742,100.1222,301.46,80,100,3.48,TH,1698648422
211,lorengau,-2.0226,147.2712,299.2,81,100,1.95,PG,1698648422
212,pouzauges,46.7794,-0.8362,283.53,96,100,2.26,FR,1698648422
213,singkil,-7.9855,111.4161,309.11,35,70,5.13,ID,1698648422
214,strezhevoy,60.7333,77.5889,263.13,83,73,1.79,RU,1698648423
215,kenai,60.5544,-151.2583,278.76,84,100,7.2,US,1698648423
216,broome,42.2506,-75.833,282.53,97,100,3.6,US,1698648423
217,quellon,-43.1167,-73.6167,277.53,89,100,3.51,CL,1698648423
218,acapulco de juarez,16.8634,-99.8901,299.16,87,16,1.31,MX,1698648424
219,ovidiopol,46.25,30.4413,291.59,63,8,6.03,UA,1698648424
220,valdivia,-39.8142,-73.2459,277.2,91,100,1.81,CL,1698648424
221,rongelap,11.1635,166.8941,301.81,80,100,8.97,MH,1698648424
222,puerto lempira,15.2667,-83.7667,297.42,90,100,1.55,HN,1698648425
223,at taj,24.2049,23.2857,296.55,31,0,3.67,LY,1698648425
224,balsas,-7.5325,-46.0356,297.93,43,1,0.66,BR,1698648425
225,saint-pierre,-21.3393,55.4781,302.97,62,0,7.72,RE,1698648426
226,saldanha,-33.0117,17.9442,292.18,36,0,8.32,ZA,1698648215
227,bayanhongor,46.7167,100.1167,276.86,47,55,7.81,MN,1698648426
228,ma'rib,15.4591,45.3253,300.6,39,12,3.18,YE,1698648426
229,puerto baquerizo moreno,-0.9,-89.6,296.19,80,88,5.24,EC,1698648427
230,hadibu,12.65,54.0333,301.12,67,100,4.77,YE,1698648427
231,inari,68.906,27.0288,263.26,94,93,1.62,FI,1698648427
232,matveyev kurgan,47.5645,38.8695,285.96,66,100,2.07,RU,1698648427
233,karratha,-20.7377,116.8463,305.87,39,36,5.5,AU,1698648428
234,ubinskoye,55.3068,79.6802,270.82,70,100,6.78,RU,1698648428
235,arraias,-12.9288,-46.9437,298.65,38,64,1.5,BR,1698648428
236,tambopata,-12.7333,-69.1833,295.95,97,100,1.16,PE,1698648428
237,lata,40.1629,-8.3327,284.3,87,72,1.65,PT,1698648428
238,castillos,-34.1667,-53.8333,288.69,97,77,0.88,UY,1698648429
239,labrador city,52.9463,-66.9114,268.1,86,75,2.06,CA,1698648429
240,weno,7.4515,151.8468,301.96,77,53,5.27,FM,1698648362
241,isangel,-19.55,169.2667,294.21,88,40,3.09,VU,1698648429
242,dunedin,-45.8742,170.5036,286.37,76,7,2.24,NZ,1698648430
243,anadyr,64.75,177.4833,271.43,92,100,11.0,RU,1698648430
244,queensbury,53.7667,-1.9167,281.58,96,100,4.04,GB,1698648187
245,saint-francois,46.4154,3.9054,285.18,94,0,1.03,FR,1698648430
246,san antonio de pale,-1.4014,5.6325,299.44,86,62,5.87,GQ,1698648430
247,daru,-9.0763,143.2092,298.82,83,100,7.1,PG,1698648431
248,agat village,13.3886,144.6585,304.67,77,40,6.17,GU,1698648431
249,vila velha,-20.3297,-40.2925,298.12,78,20,1.54,BR,1698648431
250,malvan,16.0667,73.4667,303.97,54,96,1.8,IN,1698648431
251,venado tuerto,-33.7456,-61.9688,284.83,69,98,11.99,AR,1698648431
252,shira,54.4911,89.9531,269.03,59,100,1.41,RU,1698648432
253,waddan,29.1614,16.139,294.9,50,60,3.13,LY,1698648432
254,isafjordur,66.0755,-23.124,274.31,81,43,2.11,IS,1698648432
255,coronel suarez,-37.4547,-61.9334,279.84,85,100,3.38,AR,1698648432
256,kayangel,8.0823,134.7173,302.11,72,36,3.69,PW,1698648433
257,mulayjah,27.271,48.4242,301.25,41,95,1.68,SA,1698648433
258,paramonga,-10.6667,-77.8333,291.99,92,88,4.03,PE,1698648352
259,letterkenny,54.95,-7.7333,283.09,87,100,6.5,IE,1698648161
260,novyy urengoy,66.0833,76.6333,261.48,80,8,0.86,RU,1698648434
261,fortaleza,-3.7227,-38.5247,302.08,73,40,7.2,BR,1698648434
262,haimen,23.1935,116.6142,302.09,66,28,5.53,CN,1698648434
263,benito juarez,19.385,-99.165,290.05,55,0,4.12,MX,1698648434
264,sanctuary point,-35.1114,150.629,304.93,35,99,2.51,AU,1698648435
265,yarmouth,41.7057,-70.2286,284.27,95,100,5.14,US,1698648435
266,honcho,35.6931,139.9833,296.48,46,20,2.57,JP,1698648435
267,hovd,48.0056,91.6419,279.74,46,26,1.99,MN,1698648436
268,pont rouge,48.8833,-72.0825,272.31,54,100,2.77,CA,1698648203
269,belmonte,-15.8631,-38.8828,296.05,79,100,3.14,BR,1698648436
270,tobelo,1.7284,128.0095,302.46,65,52,2.7,ID,1698648436
271,walvis bay,-22.9575,14.5053,290.29,72,5,2.19,NA,1698648166
272,puerto san jose,13.9256,-90.8244,297.88,90,100,5.16,GT,1698648437
273,yazd,31.8972,54.3675,298.21,20,0,1.03,IR,1698648437
274,alibag,18.6411,72.8792,306.19,40,7,0.31,IN,1698648437
275,mikhaylovka,50.06,43.2379,279.14,66,78,4.38,RU,1698648437
276,san antonio,29.4241,-98.4936,280.44,89,100,8.23,US,1698648347
277,mount pearl,47.5166,-52.7813,276.66,62,75,13.38,CA,1698648438
278,al hoceima,35.2433,-3.9309,291.72,72,75,3.09,MA,1698648438
279,port sudan,19.6175,37.2164,303.33,65,18,3.85,SD,1698648438
280,al jawf,29.5,38.75,293.05,61,70,4.87,SA,1698648438
281,shimoda,34.6667,138.95,294.35,66,36,2.24,JP,1698648439
282,kill devil hills,36.0307,-75.676,293.14,91,0,4.12,US,1698648442
283,manokwari,-0.8667,134.0833,301.23,73,49,1.52,ID,1698648442
284,dhalie,13.6957,44.7314,294.56,65,100,3.06,YE,1698648442
285,ulety,51.3572,112.4849,271.96,28,100,3.32,RU,1698648443
286,malampaka,-3.1333,33.5333,300.24,42,16,2.53,TZ,1698648443
287,howrah,22.5892,88.3103,304.15,51,40,2.57,IN,1698648351
288,guarapuava,-25.3953,-51.4581,289.56,99,60,1.49,BR,1698648444
289,bamboo flat,11.7,92.7167,304.2,70,40,3.6,IN,1698648445
290,pangoa,-12.1167,-73.0,293.8,100,100,0.71,PE,1698648445
291,macau,22.2006,113.5461,304.18,69,40,5.14,MO,1698648445
292,kone,-21.0595,164.8658,294.41,61,9,3.05,NC,1698648446
293,ancud,-41.8697,-73.8203,279.73,80,96,6.45,CL,1698648446
294,hasaki,35.7333,140.8333,292.37,55,0,6.69,JP,1698648446
295,basco,20.4487,121.9702,299.98,75,10,8.34,PH,1698648447
296,camocim,-2.9022,-40.8411,298.33,80,88,5.96,BR,1698648447
297,grantsville,40.5999,-112.4644,272.99,57,0,2.68,US,1698648447
298,lugoff,34.2274,-80.6892,292.11,95,0,0.0,US,1698648383
299,chaves,33.3834,-104.4505,276.38,48,100,8.23,US,1698648448
300,colonia,50.9333,6.95,286.25,84,20,4.12,DE,1698648153
301,yurty,56.0498,97.6348,271.01,38,0,1.25,RU,1698648448
302,tazovsky,67.4667,78.7,258.94,88,13,0.67,RU,1698648448
303,wellington,-41.2866,174.7756,288.96,80,40,5.66,NZ,1698648364
304,gaigeturi,33.4644,126.3183,294.18,64,0,3.6,KR,1698648449
305,gorom-gorom,14.4439,-0.2361,303.01,20,41,2.76,BF,1698648449
306,alaghsas,17.0187,8.0168,298.09,15,2,3.09,NE,1698648449
307,margate,51.3813,1.3862,287.54,90,99,0.89,GB,1698648215
308,lagos,6.5833,3.75,299.33,90,100,0.58,NG,1698648027
309,merritt island,28.5392,-80.672,298.2,87,20,0.0,US,1698648450
310,richards bay,-28.783,32.0377,290.71,56,96,7.21,ZA,1698648450
311,kanniyakumari,8.0833,77.5667,301.26,72,100,5.67,IN,1698648450
312,brisas de zicatela,15.8369,-97.0419,298.74,88,20,1.88,MX,1698648451
313,sidi khaled,34.387,4.9879,293.18,33,99,0.81,DZ,1698648451
314,amal,59.051,12.7049,274.87,98,100,8.94,SE,1698648451
315,saint-philippe,-21.3585,55.7679,302.92,80,42,6.09,RE,1698648451
316,antofagasta,-23.65,-70.4,288.75,83,37,2.31,CL,1698648452
317,quarai,-30.3875,-56.4514,293.6,90,93,6.0,BR,1698648452
318,vaskelovo,60.3693,30.3534,272.82,93,90,2.7,RU,1698648452
319,kununurra,-15.7667,128.7333,310.14,34,96,5.66,AU,1698648378
320,whangarei,-35.7317,174.3239,289.25,98,100,5.43,NZ,1698648452
321,chernomorskoye,45.5039,32.6997,290.39,61,6,3.68,UA,1698648453
322,kawalu,-7.3817,108.2082,305.21,44,76,4.03,ID,1698648453
323,nar'yan-mar,67.6713,53.087,265.99,93,100,6.26,RU,1698648453
324,santa cruz,-17.8,-63.1667,297.85,88,75,8.23,BO,1698648454
325,sydney mines,46.2367,-60.2177,278.15,84,75,3.09,CA,1698648370
326,lauro de freitas,-12.8944,-38.3272,298.16,78,40,4.12,BR,1698648454
327,vadso,70.0744,29.7487,266.24,93,20,5.66,NO,1698648406
328,khash,28.2211,61.2158,297.4,26,6,0.63,IR,1698648454
329,burang,30.25,81.1667,279.3,31,20,2.79,CN,1698648455
330,son la,21.3167,103.9,298.11,66,62,1.6,VN,1698648455
331,saint-paul-les-dax,43.7272,-1.0516,288.91,96,100,2.06,FR,1698648455
332,fort bragg,35.139,-79.006,292.0,90,0,2.57,US,1698648455
333,antsiranana,-12.2787,49.2917,303.06,58,34,8.39,MG,1698648456
334,ujae,8.9322,165.7642,301.65,80,100,7.74,MH,1698648456
335,vila franca do campo,37.7167,-25.4333,287.38,99,100,0.89,PT,1698648456
336,paradip garh,20.3167,86.6167,301.99,51,0,4.22,IN,1698648456
337,paredon,16.0333,-93.8667,298.77,80,100,2.74,MX,1698648457
338,qarazhal,48.0078,70.7903,287.25,61,99,9.21,KZ,1698648457
339,svetlyy,54.675,20.1347,284.24,86,100,7.93,RU,1698648457
340,guerrero negro,27.9769,-114.0611,292.52,52,0,2.12,MX,1698648159
341,songkhla,6.8333,100.6667,305.18,77,94,3.47,TH,1698648457
342,luganville,-15.5333,167.1667,298.88,82,72,3.54,VU,1698648458
343,sur,22.5667,59.5289,302.83,53,5,4.01,OM,1698648458
344,jabor,5.921,169.6434,302.05,74,100,4.63,MH,1698648458
345,myrina,39.8797,25.0742,291.73,94,20,4.12,GR,1698648458
346,as sulayyil,20.4607,45.5779,298.29,25,72,5.51,SA,1698648458
347,banamba,13.55,-7.45,299.71,50,100,1.91,ML,1698648458
348,itacare,-14.2775,-38.9967,296.2,74,100,1.58,BR,1698648459
349,kudat,6.8837,116.8477,304.11,74,20,5.36,MY,1698648459
350,arno,60.1167,18.6333,276.36,81,100,6.01,SE,1698648459
351,camacupa,-12.0167,17.4833,296.88,55,100,1.47,AO,1698648459
352,fallon,39.4735,-118.7774,269.08,54,0,0.0,US,1698648459
353,poltavka,54.3663,71.7632,272.05,95,100,5.16,RU,1698648460
354,kariba,-16.5167,28.8,299.24,59,100,2.52,ZW,1698648460
355,masuguru,-11.3667,38.4167,301.6,61,100,1.58,TZ,1698648460
356,obock,12.25,43.0833,298.81,54,98,7.69,DJ,1698648460
357,kaohsiung,22.6163,120.3133,303.12,62,75,5.14,TW,1698648460
358,san jose de jachal,-30.2406,-68.7469,289.35,19,64,1.74,AR,1698648461
359,shantobe,52.4581,68.1839,278.05,95,100,6.81,KZ,1698648461
360,harstad,68.799,16.5293,272.68,95,94,2.24,NO,1698648461
361,nouadhibou,20.931,-17.0347,292.14,94,40,4.12,MR,1698648461
362,peace river,56.2501,-117.286,268.32,86,75,0.0,CA,1698648410
363,canton,23.1167,113.25,304.19,49,95,3.08,CN,1698648461
364,arraial do cabo,-22.9661,-42.0278,296.44,95,100,4.38,BR,1698648461
365,bikenibeu village,1.3673,173.1241,303.13,74,40,2.06,KI,1698648462
366,n'zeto,-7.2312,12.8666,299.64,80,53,2.51,AO,1698648462
367,thunder bay,48.4001,-89.3168,269.14,80,40,3.6,CA,1698648444
368,ulsteinvik,62.3432,5.8487,276.35,56,1,4.02,NO,1698648462
369,marquette,46.5333,-87.6335,271.35,80,99,1.79,US,1698648462
370,kirksville,40.1948,-92.5833,272.12,72,0,4.12,US,1698648462
371,papao,-17.75,-149.55,298.97,82,11,9.51,PF,1698648463
372,cururupu,-1.8283,-44.8683,297.17,89,33,1.82,BR,1698648200
373,severo-yeniseyskiy,60.3725,93.0408,260.69,85,100,0.89,RU,1698648437
374,ad darbasiyah,37.0728,40.652,299.37,31,0,2.57,SY,1698648463
375,pariaman,-0.619,100.12,300.18,78,62,2.94,ID,1698648463
376,monrovia,6.3005,-10.7969,297.02,86,18,0.72,LR,1698648353
377,ulladulla,-35.35,150.4667,299.69,31,100,4.8,AU,1698648464
378,portland,45.5234,-122.6762,282.14,56,0,5.36,US,1698648211
379,colchani,-20.3,-66.9333,276.4,22,73,3.02,BO,1698648464
380,dryden,49.7833,-92.7503,267.31,86,100,4.63,CA,1698648464
381,segezha,63.7415,34.3222,268.76,87,50,3.99,RU,1698648464
382,aktau,43.65,51.2,287.47,67,100,5.4,KZ,1698648367
383,morehead city,34.7229,-76.726,295.15,87,0,4.12,US,1698648465
384,aldinga beach,-35.2793,138.4604,291.63,62,3,9.63,AU,1698648465
385,grande prairie,55.1667,-118.8027,269.25,86,75,0.0,CA,1698648465
386,el charco,2.4769,-78.1105,296.99,96,94,0.86,CO,1698648465
387,diglur,18.55,77.6,302.34,39,3,2.68,IN,1698648466
388,metlaoui,34.3208,8.4016,292.75,38,93,2.39,TN,1698648466
389,las tablas,7.7667,-80.2833,297.9,88,100,2.34,PA,1698648466
390,nema,57.5067,50.5011,272.2,90,100,4.21,RU,1698648466
391,trujillo,-8.116,-79.03,290.13,100,100,4.12,PE,1698648466
392,westerland,54.9079,8.3033,284.16,87,75,10.29,DE,1698648466
393,la paz,-16.5,-68.15,282.36,36,40,1.79,BO,1698648467
394,san rafael del yuma,18.4299,-68.6739,300.91,90,100,1.78,DO,1698648467
395,zarautz,43.2844,-2.1699,289.97,78,100,4.51,ES,1698648467
396,alto araguaia,-17.3147,-53.2153,296.13,75,4,1.07,BR,1698648467
397,ipora,-16.4419,-51.1178,297.13,71,83,1.38,BR,1698648423
398,las lomitas,-24.7096,-60.593,296.01,93,100,1.9,AR,1698648467
399,sinabang,2.4803,96.3801,300.89,77,100,2.23,ID,1698648468
400,cockburn town,21.4612,-71.1419,301.51,78,37,4.08,TC,1698648433
401,sanya,18.2431,109.505,302.24,65,0,3.0,CN,1698648468
402,st. john's,47.5649,-52.7093,277.12,62,75,13.38,CA,1698648464
403,shubarshi,48.5872,57.1869,280.52,69,100,7.75,KZ,1698648468
404,akjoujt,19.6969,-14.4164,297.39,25,0,1.73,MR,1698648468
405,barcelona,41.3888,2.159,291.11,85,20,3.6,ES,1698648469
406,zinder,13.8072,8.9881,297.13,29,0,3.09,NE,1698648469
407,palopo,-2.9996,120.1921,303.64,58,9,2.77,ID,1698648469
408,nadi,-17.8,177.4167,301.15,78,40,3.6,FJ,1698648469
409,lautoka,-17.6167,177.4667,301.07,78,40,3.6,FJ,1698648469
410,mahdia,35.5047,11.0622,297.12,81,75,5.03,TN,1698648469
411,claveria,18.6074,121.0832,301.92,69,71,6.26,PH,1698648470
412,dongola,19.1667,30.4833,305.91,23,0,6.31,SD,1698648470
413,damara,4.9608,18.7035,299.05,83,75,1.61,CF,1698648470
414,jebrail,39.3992,47.0283,291.42,44,60,3.55,AZ,1698648470
415,turkmenabat,39.0733,63.5786,301.14,24,0,1.03,TM,1698648471
416,itoman,26.1247,127.6694,300.58,51,40,6.17,JP,1698648471
417,prince rupert,54.3161,-130.3201,278.98,86,0,4.63,CA,1698648471
418,ingeniero guillermo n. juarez,-23.9,-61.85,298.24,79,100,3.64,AR,1698648472
419,tweed heads,-28.1817,153.547,298.71,63,0,7.72,AU,1698648472
420,filadelfia,39.9523,-75.1638,287.47,94,100,4.12,US,1698648239
421,minab,27.1467,57.0801,304.47,41,0,1.82,IR,1698648472
422,muroto-misakicho,33.2833,134.15,292.27,52,2,1.52,JP,1698648472
423,easton,40.6884,-75.2207,284.48,89,100,3.09,US,1698648472
424,kapa'a,22.0752,-159.319,298.33,86,100,4.12,US,1698648472
425,young,-32.6833,-57.6333,291.76,90,88,1.47,UY,1698648473
426,tsiombe,-25.3,45.4833,304.17,34,1,2.73,MG,1698648473
427,tocache,-8.1842,-76.5125,294.72,98,100,0.37,PE,1698648473
428,mar del plata,-38.0023,-57.5575,285.42,69,97,6.71,AR,1698648453
429,mercedes,-34.6515,-59.4307,288.73,90,100,10.12,AR,1698648473
430,floro,61.5996,5.0328,278.69,44,0,5.14,NO,1698648448
431,ugoofaaru,5.6667,73.0,299.38,79,100,1.71,MV,1698648474
432,al majaridah,19.1236,41.9111,302.82,51,90,1.77,SA,1698648474
433,virginia,37.5481,-77.4467,293.33,85,0,2.06,US,1698648221
434,kaoma,-14.7833,24.8,298.61,56,50,4.68,ZM,1698648474
435,rosario do sul,-30.2583,-54.9142,292.56,92,66,2.49,BR,1698648474
436,palikir - national government center,6.9248,158.1611,298.56,89,100,1.54,FM,1698648475
437,khovd,48.0056,91.6419,279.74,46,26,1.99,MN,1698648475
438,bardai,11.65,7.2333,297.87,28,77,3.77,NG,1698648475
439,nuuk,64.1835,-51.7216,282.49,34,100,12.86,GL,1698648329
440,malango,-2.9627,119.9001,301.0,57,52,1.58,ID,1698648475
441,amga,60.8953,131.9608,265.66,89,100,2.26,RU,1698648406
442,alofi,-19.0595,-169.9187,298.09,78,4,4.63,NU,1698648475
443,bama,11.5221,13.6856,304.57,24,9,4.63,NG,1698648476
444,mhangura,-16.8939,30.1683,298.71,46,95,5.41,ZW,1698648388
445,seven pagodas,12.6264,80.1722,303.18,72,100,3.07,IN,1698648476
446,ulmeni,47.4667,23.3,287.24,69,100,2.2,RO,1698648476
447,taulaga,-11.0553,-171.0883,301.73,74,73,6.75,AS,1698648476
448,mugia,43.1041,-9.2179,285.46,76,96,9.83,ES,1698648477
449,chui,-33.6971,-53.4616,289.79,95,45,2.43,UY,1698648477
450,chirnside park,-37.7386,145.3143,292.45,78,99,0.89,AU,1698648477
451,aksu,41.1231,80.2644,292.15,22,67,0.64,CN,1698648439
452,shemordan,56.1856,50.3972,272.93,93,100,6.3,RU,1698648477
453,tshabong,-26.05,22.45,295.48,50,0,10.26,BW,1698648477
454,rabigh,22.7986,39.0349,303.58,48,0,1.26,SA,1698648477
455,tanda,26.55,82.65,303.18,33,64,2.21,IN,1698648478
456,korla,41.7597,86.1469,291.36,25,67,4.01,CN,1698648478
457,manacapuru,-3.2997,-60.6206,300.79,56,68,1.07,BR,1698648478
458,sant lluis,39.8526,4.2594,292.37,94,40,2.57,ES,1698648478
459,gao,16.6362,1.637,300.58,12,27,3.91,ML,1698648478
460,kristiansund,63.1115,7.732,272.18,80,0,1.03,NO,1698648478
461,santiago de cuba,20.0247,-75.8219,298.21,88,20,1.54,CU,1698648479
462,usman',52.0466,39.7288,278.17,77,100,2.68,RU,1698648479
463,dara,15.3484,-15.4799,300.13,75,23,2.32,SN,1698648479
464,wuwei,37.9281,102.6414,292.57,15,30,3.81,CN,1698648479
465,kendari,-3.945,122.4989,304.39,56,89,4.43,ID,1698648480
466,champerico,14.3,-91.9167,297.92,89,100,3.03,GT,1698648480
467,fort saskatchewan,53.7168,-113.2187,272.47,73,100,1.88,CA,1698648480
468,ordubad,38.9059,46.0234,293.51,47,20,2.97,AZ,1698648480
469,abepura,-2.6333,140.5833,303.6,66,20,2.06,ID,1698648480
470,cuatro cienegas de carranza,26.9833,-102.0833,283.44,90,100,5.82,MX,1698648381
471,nikolayevsk-on-amure,53.1406,140.73,274.09,71,100,1.83,RU,1698648481
472,atar,20.5169,-13.0499,298.66,18,0,0.48,MR,1698648481
473,kualakapuas,-3.0091,114.3876,307.77,42,85,3.3,ID,1698648481
474,fortuna,40.5982,-124.1573,281.66,93,0,5.66,US,1698648481
475,kerikeri,-35.2268,173.9474,290.32,95,100,0.89,NZ,1698648372
476,akersberga,59.4794,18.2997,277.07,82,100,3.71,SE,1698648482
477,chibougamau,49.9168,-74.3659,270.94,93,100,1.54,CA,1698648482
478,kose,40.21,39.6511,286.89,53,100,1.39,TR,1698648482
479,uglich,57.5275,38.3317,270.86,88,100,3.53,RU,1698648483
480,guarapari,-20.6667,-40.4975,295.74,86,100,1.77,BR,1698648484
481,flekkefjord,58.2971,6.6607,276.45,81,100,9.46,NO,1698648484
482,hirara,24.8,125.2833,300.3,54,40,6.69,JP,1698648484
483,guanica,17.9716,-66.908,299.36,63,100,3.37,PR,1698648484
484,mejit,10.2753,170.8646,301.32,83,100,9.03,MH,1698648485
485,rudnya,54.947,31.0934,279.86,97,100,7.11,RU,1698648485
486,kharp,66.8014,65.8081,260.33,96,100,0.93,RU,1698648485
487,mount gambier,-37.8333,140.7667,286.13,64,81,7.36,AU,1698648341
488,orapa,-21.2833,25.3667,295.98,51,9,10.51,BW,1698648486
489,ar rutbah,33.0381,40.2848,296.76,40,100,4.28,IQ,1698648486
490,ardesen,41.1911,40.9875,293.96,68,99,0.61,TR,1698648486
491,lubang,13.8584,120.124,302.56,73,93,6.74,PH,1698648486
492,tolanaro,-25.0319,46.9987,301.19,74,40,2.06,MG,1698648487
493,malpica,43.3228,-8.8105,285.0,79,99,7.63,ES,1698648487
494,sakakah,29.9697,40.2064,291.91,61,100,0.37,SA,1698648487
495,jianguang,28.1938,115.7836,299.68,46,0,2.23,CN,1698648489
496,anna regina,7.2644,-58.5077,300.87,82,23,4.54,GY,1698648489
497,kuantan,3.8077,103.326,306.21,62,40,0.0,MY,1698648489
498,morrope,-6.5417,-80.0111,293.21,88,96,6.46,PE,1698648489
499,benguela,-12.5763,13.4055,298.59,80,53,1.6,AO,1698648491
500,kota kinabalu,5.9749,116.0724,306.14,70,20,2.06,MY,1698648491
501,coquimbo,-29.9533,-71.3436,287.0,88,0,2.57,CL,1698648491
502,latakia,35.5148,35.7768,296.25,56,96,0.48,SY,1698648491
503,barcelos,41.5388,-8.6151,289.23,82,65,3.09,PT,1698648381
504,codrington,-38.2667,141.9667,287.56,52,8,10.43,AU,1698648388
505,pisco,-13.7,-76.2167,292.18,82,100,2.57,PE,1698648274
506,noumea,-22.2763,166.4572,295.14,60,19,2.72,NC,1698648311
507,portage la prairie,49.9728,-98.2926,264.66,94,20,4.59,CA,1698648492
508,geraldton,-28.7667,114.6,296.38,56,0,10.8,AU,1698648493
509,mossel bay,-34.1831,22.146,289.11,57,0,7.79,ZA,1698648493
510,krasnovishersk,60.4078,57.082,268.93,88,100,2.54,RU,1698648493
511,argo,37.6333,22.7333,294.7,58,0,1.59,GR,1698648493
512,santiago del torno,-17.9833,-63.3833,297.25,67,95,5.68,BO,1698648494
513,el abiodh sidi cheikh,32.893,0.5484,290.4,25,100,3.24,DZ,1698648494
514,porto novo,6.4965,2.6036,301.05,84,66,0.54,BJ,1698648494
515,ust'-kut,56.7938,105.7672,267.84,41,100,2.24,RU,1698648494
516,tranas,58.0372,14.9782,273.92,99,100,3.21,SE,1698648495
517,san francisco de la paz,14.9,-86.2,297.99,98,100,0.18,HN,1698648495
518,shalya,57.2471,58.7298,270.7,81,97,4.33,RU,1698648495
519,santa helena de goias,-17.8136,-50.5969,298.04,72,37,2.19,BR,1698648495
520,havelberg,52.8309,12.0755,284.75,91,100,0.89,DE,1698648496
521,kinkala,-4.3614,14.7644,298.55,83,99,2.6,CG,1698648497
522,khorinsk,52.1657,109.7726,271.56,30,100,2.85,RU,1698648497
523,timbuktu,16.7735,-3.0074,301.96,14,14,2.9,ML,1698648498
524,caleta de carquin,-11.0925,-77.6267,292.17,90,73,4.25,PE,1698648317
525,carolina beach,34.0352,-77.8936,293.23,96,0,3.82,US,1698648498
526,bayji,34.9311,43.487,302.59,25,100,1.81,IQ,1698648498
527,buka,40.8108,69.1986,299.86,23,78,0.71,UZ,1698648394
528,isabela,6.7085,121.9711,304.18,69,71,0.37,PH,1698648499
529,nikel,69.4128,30.222,265.25,96,100,2.14,RU,1698648499
530,berdigestyakh,62.0989,126.6992,259.65,97,49,0.83,RU,1698648500
531,kalmunai,7.4167,81.8167,302.25,69,94,2.82,LK,1698648501
532,lubbock,33.6001,-101.8338,274.29,64,75,8.75,US,1698648501
533,khandyga,62.6667,135.6,265.95,96,100,1.97,RU,1698648365
534,solnechnyy,50.7214,136.6319,277.61,67,100,2.98,RU,1698648501
535,posto fiscal rolim de moura,-13.0833,-62.2667,297.0,80,83,1.44,BR,1698648502
536,urangan,-25.3,152.9,295.2,65,97,6.96,AU,1698648502
537,minas de marcona,-15.2119,-75.1103,287.37,89,31,4.72,PE,1698648502
538,kolonia town,6.964,158.206,299.15,89,100,1.54,FM,1698648502
539,la'ie,21.6477,-157.9253,299.13,75,10,0.89,US,1698648502
540,arroyo,41.6096,-4.7969,283.23,84,75,6.69,ES,1698648503
541,durban,-29.8579,31.0292,290.66,60,99,7.75,ZA,1698648266
542,kabalo,-6.05,26.9167,300.05,70,100,1.3,CD,1698648503
543,tamiahua,21.2667,-97.45,296.52,85,0,0.69,MX,1698648503
544,viedma,-40.8135,-62.9967,282.13,36,0,6.99,AR,1698648504
545,la passe,45.5549,-0.8967,286.28,90,100,4.56,FR,1698648504
546,smithers,54.7804,-127.1743,269.33,86,75,0.0,CA,1698648504
547,campbell river,50.0163,-125.2446,276.18,77,26,1.59,CA,1698648504
548,puerto ayacucho,5.6639,-67.6236,296.68,94,100,0.93,VE,1698648505
549,zyrya,40.3661,50.2917,292.2,63,73,11.45,AZ,1698648505
550,razole,16.4833,81.8333,305.9,44,82,2.79,IN,1698648505
551,imphal,24.8167,93.95,300.1,44,20,2.06,IN,1698648505
552,tabas,33.5959,56.9244,301.63,20,50,1.0,IR,1698648506
553,vershino-darasunskiy,52.35,115.5167,268.83,23,45,1.12,RU,1698648506
554,springbok,-29.6643,17.8865,289.32,21,0,10.91,ZA,1698648506
555,villa union,23.2,-106.2333,299.77,77,1,1.0,MX,1698648506
556,shingu,33.7333,135.9833,291.84,66,0,2.48,JP,1698648506
557,fisterra,42.9049,-9.2629,285.38,73,96,9.79,ES,1698648507
558,corner brook,48.9667,-57.9484,276.24,62,80,4.54,CA,1698648307
559,newman,37.3138,-121.0208,283.31,29,6,0.75,US,1698648507
560,russkaya polyana,49.417,31.9201,287.49,56,80,6.98,UA,1698648507
561,padang,-0.9492,100.3543,300.18,83,51,2.37,ID,1698648507
562,ar rass,25.8694,43.4973,298.01,37,100,3.05,SA,1698648509
563,vilhena,-12.7406,-60.1458,297.28,66,95,1.06,BR,1698648509
564,rottingdean,50.8098,-0.0594,287.28,83,100,5.81,GB,1698648509
565,kavaratti,10.5669,72.642,301.14,71,100,2.22,IN,1698648510
566,silifke,36.3778,33.9344,300.57,35,100,1.01,TR,1698648510
